{
  "schemaVersion": 1,
  "id": "hexal",
  "version": "${version}",
  "name": "Hexal",
  "description": "This is an example description! Tell everyone what your mod is about!",
  "authors": [
    "Me!"
  ],
  "contact": {
    "homepage": "https://fabricmc.net/",
    "sources": "https://github.com/FabricMC/fabric-example-mod"
  },
  "license": "CC0-1.0",
  "icon": "assets/hexal/icon.png",
  "environment": "*",
  "entrypoints": {
    "main": [
      "ram.talia.hexal.fabric.ExampleModFabric"
    ],
    "client": [
      "ram.talia.hexal.fabric.client.ExampleModFabricClient"
    ]
  },
  "mixins": [
    "hexal.mixins.json"
  ],
  "depends": {
    "fabricloader": ">=0.15.11",
    "minecraft": "~1.20.1",
    "java": ">=17",
    "fabric-api": "*"
  },
  "suggests": {
    "another-mod": "*"
  }
}
